-- phpMyAdmin SQL Dump
-- version 3.5.2
-- http://www.phpmyadmin.net
--
-- Host: localhost
-- Generation Time: May 20, 2013 at 07:28 AM
-- Server version: 5.5.25a
-- PHP Version: 5.4.4

SET SQL_MODE="NO_AUTO_VALUE_ON_ZERO";
SET time_zone = "+00:00";


/*!40101 SET @OLD_CHARACTER_SET_CLIENT=@@CHARACTER_SET_CLIENT */;
/*!40101 SET @OLD_CHARACTER_SET_RESULTS=@@CHARACTER_SET_RESULTS */;
/*!40101 SET @OLD_COLLATION_CONNECTION=@@COLLATION_CONNECTION */;
/*!40101 SET NAMES utf8 */;

--
-- Database: `retail_db`
--

-- --------------------------------------------------------

--
-- Table structure for table `admin_dtl`
--

CREATE TABLE IF NOT EXISTS `admin_dtl` (
  `USR_ID` int(11) NOT NULL,
  `FMLY_NM` varchar(20) NOT NULL,
  `USR_NM` varchar(20) NOT NULL,
  `USR_PWD` varchar(50) CHARACTER SET armscii8 COLLATE armscii8_bin NOT NULL,
  PRIMARY KEY (`USR_ID`),
  KEY `USR_PWD` (`USR_PWD`)
) ENGINE=InnoDB DEFAULT CHARSET=latin1;

--
-- Dumping data for table `admin_dtl`
--

INSERT INTO `admin_dtl` (`USR_ID`, `FMLY_NM`, `USR_NM`, `USR_PWD`) VALUES
(101, 'rajeev', 'iomrajeev', 'ca7738caa02bc11c0fbcf8ee49b5203a'),
(102, 'Rabindra kharel', 'rabin', '787a618784bcf88454b94edc3d0821f1');

-- --------------------------------------------------------

--
-- Table structure for table `inv_pos`
--

CREATE TABLE IF NOT EXISTS `inv_pos` (
  `PROD_WID` mediumint(9) NOT NULL,
  `QTY` float NOT NULL DEFAULT '0',
  PRIMARY KEY (`PROD_WID`)
) ENGINE=InnoDB DEFAULT CHARSET=latin1;

--
-- Dumping data for table `inv_pos`
--

INSERT INTO `inv_pos` (`PROD_WID`, `QTY`) VALUES
(258, 0),
(259, 0),
(260, 0),
(261, 0),
(262, 0),
(263, 0),
(264, 0),
(265, 0),
(266, 0),
(268, 0),
(269, 10),
(270, 5),
(271, 6),
(272, 6),
(273, 10),
(274, 11),
(275, 5),
(276, 10),
(277, 16),
(278, 16),
(279, 0),
(280, 0),
(281, 0),
(282, 0),
(283, 0),
(284, 23),
(285, 39),
(286, 54),
(287, 0),
(288, 46),
(289, 0),
(290, 50),
(291, 4),
(292, 0),
(293, 56),
(294, 56),
(295, 137),
(296, 144),
(297, 26),
(298, 220),
(299, 320),
(300, 98),
(301, 4),
(302, 11),
(303, 6),
(304, 76),
(305, 6),
(306, 3),
(307, 3),
(308, 240),
(309, 25),
(310, 9),
(311, 6),
(312, 7),
(313, 5),
(314, 9),
(315, 1080),
(316, 5),
(317, 113),
(318, 10),
(319, 200),
(320, 250),
(321, 500),
(322, 5),
(323, 6),
(324, 6),
(325, 11),
(326, 12),
(327, 60),
(328, 11),
(329, 12),
(330, 43),
(331, 31),
(332, 26),
(333, 24),
(334, 26),
(335, 17),
(336, 51),
(337, 6),
(338, 9),
(339, 50),
(340, 50),
(341, 4),
(342, 5),
(343, 11),
(344, 10),
(345, 20),
(346, 20),
(347, 16),
(348, 24),
(349, 27),
(350, 11),
(351, 161),
(352, 820),
(353, 6),
(354, 10),
(355, 20),
(356, 1200),
(357, 570),
(358, 660),
(359, 240),
(360, 750),
(361, 13),
(362, 132),
(363, 70),
(364, 200),
(365, 194),
(366, 360),
(367, 4),
(368, 11),
(369, 10),
(370, 100),
(371, 200),
(372, 200),
(373, 29),
(375, -2),
(376, -2),
(377, -2),
(378, -2),
(379, -2),
(380, -875),
(381, 0),
(382, 0),
(383, -283),
(384, -2),
(385, -45),
(386, -2),
(387, 24),
(388, 25),
(389, 19),
(390, 20),
(391, 19),
(392, 19),
(393, 20),
(394, 10),
(395, 3),
(396, 1),
(397, 5),
(398, 24),
(399, 2),
(400, 10),
(401, 8),
(402, 10),
(403, 91),
(404, 95),
(405, 63),
(406, 10),
(407, 20),
(408, 10),
(409, 20),
(410, 14),
(411, 2),
(412, 3),
(413, 5),
(414, 9),
(415, 20),
(416, 12),
(417, 6),
(418, 12),
(419, 9),
(420, 8),
(421, 8),
(422, 4),
(423, 0),
(424, 3),
(425, 3),
(426, 4),
(427, 9),
(428, 10),
(429, 8),
(430, 5),
(431, 4),
(432, 8),
(433, 10),
(434, 16),
(435, 4),
(436, 5),
(437, 12),
(438, 9),
(439, 22),
(440, 13),
(441, 7),
(442, 13),
(443, 10),
(444, 6),
(445, 10),
(446, 8),
(447, 17),
(448, 3),
(449, 5),
(450, 14),
(451, 10),
(452, 2),
(453, 9),
(454, 10),
(455, 12),
(456, 6),
(457, 6),
(458, 2),
(459, 9),
(460, 9),
(461, 2),
(462, 1),
(463, 10),
(464, 6),
(465, 4),
(466, 3),
(467, 3),
(468, 5),
(469, 8),
(470, 14),
(471, 9),
(472, 36),
(473, 9),
(474, 9),
(475, 4),
(476, 12),
(477, 12),
(478, 12),
(479, 5),
(480, 6),
(481, 11),
(482, 4),
(483, 6),
(484, 11),
(485, 6),
(486, 7),
(487, 4),
(488, 6),
(489, 3),
(490, 6),
(491, 4),
(492, 6),
(493, 6),
(494, 23),
(495, 17),
(496, 20),
(497, 12),
(498, 17),
(499, 10),
(500, 11),
(501, 15),
(502, 2),
(503, 7),
(504, 5),
(505, 5),
(506, 17),
(507, 4),
(508, 4),
(509, 2),
(510, 10),
(511, 6),
(512, 10),
(513, 11),
(514, 17),
(515, 6),
(516, 7),
(517, 4),
(518, 5),
(519, 4),
(520, 4),
(521, 12),
(522, 6),
(523, 12),
(524, 12),
(525, 8),
(526, 4),
(527, 6),
(528, 5),
(529, 12),
(530, 6),
(531, 12),
(532, 10),
(533, 10),
(534, 5),
(535, 5),
(536, 13),
(537, 5),
(538, 6),
(539, 5),
(540, 6),
(541, 6),
(542, 9),
(543, 10),
(544, 11),
(545, 5),
(546, 11),
(547, 3),
(548, 10),
(549, 12),
(550, 18),
(551, 2),
(552, 10),
(553, 5),
(554, 4),
(555, 10),
(556, 16),
(557, 21),
(558, 4),
(559, 9),
(560, 8),
(561, 7),
(562, 1),
(563, 8),
(564, 1),
(565, 12),
(566, 12),
(567, 12),
(568, 20),
(569, 12),
(570, 3),
(571, 19),
(572, 15),
(573, 14),
(574, 46),
(575, 1),
(576, 1),
(577, 2),
(578, 0),
(579, 2),
(580, 6),
(581, 480),
(582, 8),
(583, 11),
(584, 120),
(585, 186),
(586, 216),
(587, 120),
(588, 120),
(589, 60),
(590, 12),
(591, 12),
(592, 11),
(593, 250),
(594, 250),
(595, 31),
(596, 49),
(597, 45),
(598, 11),
(599, 5),
(600, 18),
(601, 60),
(602, 33),
(603, 10),
(604, 50),
(605, 34),
(606, 9),
(607, 24),
(608, 12),
(609, 20),
(610, 18),
(611, 10),
(612, 68),
(613, 74),
(614, 600),
(615, 105),
(616, 24),
(617, 12),
(618, 330),
(619, 120),
(620, 300),
(621, 150),
(622, 12),
(623, 20),
(624, 13),
(625, 15),
(626, 11),
(627, 10),
(628, 200),
(629, 50),
(630, 12),
(631, 4),
(632, 26),
(633, 110),
(634, 10),
(635, 5),
(636, 3),
(637, 3),
(638, 6),
(639, 200),
(640, 200),
(641, 560),
(642, 1),
(643, 1),
(644, 7),
(645, 14),
(646, 80),
(650, -3),
(651, 0),
(652, -22),
(657, -12),
(658, 12),
(659, 34),
(660, 30),
(661, 30),
(662, 36),
(663, 6),
(664, 6),
(665, 6),
(666, 24),
(667, 2),
(668, 5),
(669, 2),
(670, 2),
(671, 2),
(672, 2),
(673, 24),
(674, 24),
(675, 6),
(676, 24),
(677, 6),
(678, 20),
(679, 12),
(680, 24),
(681, 24),
(682, 3),
(685, -3),
(686, -4),
(687, -3),
(688, -3),
(689, -4),
(690, -4),
(691, -3),
(692, -3),
(693, -3),
(695, -4),
(696, -3),
(697, -3),
(698, -231),
(699, -3),
(700, -34),
(701, -222),
(702, -3),
(703, -4),
(704, -4),
(705, -4),
(706, -326),
(707, -322),
(708, -23),
(709, -3222),
(710, -123),
(711, -342);

-- --------------------------------------------------------

--
-- Table structure for table `prod_dim`
--

CREATE TABLE IF NOT EXISTS `prod_dim` (
  `PROD_ID` mediumint(8) unsigned NOT NULL AUTO_INCREMENT,
  `PROD_NAME` varchar(40) NOT NULL,
  `SLS_RATE` float NOT NULL,
  `PUR_RATE` float NOT NULL,
  PRIMARY KEY (`PROD_ID`),
  KEY `PROD_NAME` (`PROD_NAME`)
) ENGINE=InnoDB  DEFAULT CHARSET=latin1 AUTO_INCREMENT=711 ;

--
-- Dumping data for table `prod_dim`
--

INSERT INTO `prod_dim` (`PROD_ID`, `PROD_NAME`, `SLS_RATE`, `PUR_RATE`) VALUES
(258, 'Quintor 500mg Tab', 0, 89.55),
(259, 'Johnson baby powder 100gm', 0, 66.6),
(260, 'Johnson baby powder 50gm', 0, 35.1),
(261, 'Johnson baby powder 200gm', 0, 110.75),
(262, 'Johnson baby lotion 100ml', 0, 108.01),
(263, 'Johnson baby shampoo 100ml', 0, 112.5),
(264, 'Johnson baby oil 50ml', 0, 64.85),
(265, 'Johnson baby oil 200ml', 0, 214),
(266, 'Johnson baby soap 50gm', 0, 31.5),
(268, 'Meropaz 500mg', 0, 862.06),
(269, 'Moov Cream 25g', 0, 69.5),
(270, 'Boro Plus 40gm', 10, 61.9),
(271, 'Boro Plus 20gm', 0, 32),
(272, 'Krack cream 25gm', 0, 72.5),
(273, 'Soframycin Skin 30gm', 0, 33.15),
(274, 'Vancogen Inj', 570, 491),
(275, 'Apetone Syr', 90, 77.6),
(276, 'Vital Syr 200ml', 85, 73.28),
(277, 'Fortiplex Syr', 100, 86.2),
(278, 'Vogoran Syr 200ml', 95, 81.9),
(279, 'Hansaplast', 0, 116),
(280, 'Hansaplast Washproof', 0, 176),
(281, 'Calcium Gluconate TNT', 0, 16.55),
(282, 'Potassium Chloride TNT 10ml', 0, 16.55),
(283, 'Dextrose 10% 500ml', 0, 47.41),
(284, 'Dextrose 50%', 0, 20.76),
(285, 'NS-500ml', 0, 34.48),
(286, 'Dextrose 5% 500ml', 0, 34.48),
(287, 'FRUSTMTDF TNT', 0, 178.5),
(288, 'Benzyl Penicilin 10 Lakh', 0, 10.75),
(289, 'RFPARTN TNT 5ml', 0, 359.1),
(290, 'Water for TNT Glass Hindustan', 0, 2.41),
(291, 'Astymin Pedia 50ml', 0, 319.87),
(292, 'ADFRNAI TNF TNT', 0, 8.27),
(293, 'DNS-500ml', 0, 34.48),
(294, 'RL-500ml', 0, 47.41),
(295, 'Xifim 200mg', 30, 0),
(296, 'Azicare 500mg', 40, 0),
(297, 'Osil Cap', 21.2, 0),
(298, 'Amikatil Inj', 107, 0),
(299, 'Dobsil Cap', 20, 0),
(300, 'Nawajal', 10, 0),
(301, 'Nature Care', 100, 0),
(302, 'Oraguard Soln', 85, 0),
(303, 'Betadin Oint', 114, 0),
(304, 'Aristozyme Syr', 85, 0),
(305, 'Retino A. 0.05%', 200, 0),
(306, 'Elocon Cream', 145, 0),
(307, 'Elocon Oint', 145, 0),
(308, 'Glozyme Cap', 3, 0),
(309, 'I-Pill Tab', 161, 0),
(310, 'Neosporin Eye Oint', 46, 0),
(311, 'Neosporin Skin', 103, 0),
(312, 'Polybion Syr', 78, 0),
(313, 'Livohik Syr', 181, 0),
(314, 'Cremaffin Pink', 128, 0),
(315, 'Digene Tab', 2, 0),
(316, 'Softovac', 110.5, 0),
(317, 'Metriz 400mg', 240, 0),
(318, 'Muroc Oint', 115, 0),
(319, 'Alfast 10mg', 5, 0),
(320, 'Levozin 5mg', 5, 0),
(321, 'Neurobiom Forte', 1.06, 0),
(322, 'Ocuwet Eye drop', 76, 0),
(323, 'Ocutob Eye Drop', 58, 0),
(324, 'Ocurest eye drop', 65.5, 0),
(325, 'Ocupol D', 41.5, 0),
(326, 'Ocupol', 42.8, 0),
(327, 'Clavam 625mg', 31.2, 0),
(328, 'Taxim 50mg Inj', 33.5, 0),
(329, 'Taxim 1gm Inj', 50.65, 0),
(330, 'G. Mycin Inj', 16, 0),
(331, 'N. pin Inj', 6, 0),
(332, 'Dexafen Inj', 15, 0),
(333, 'Dexona Inj', 14.2, 0),
(334, 'Dopacin Inj', 64, 0),
(335, 'Azithro 50mg', 40, 0),
(336, 'Nemox 500mg', 9, 0),
(337, 'Fixim 200mg ', 25, 0),
(338, 'Betadin Soln 50ml', 168.8, 0),
(339, 'Frusemide ', 4.15, 0),
(340, 'Adernaline Inj', 9.6, 0),
(341, 'Digital Thermometer', 215, 0),
(342, 'Farex Milk No. 1', 470, 0),
(343, 'Stayfree Secure', 45, 0),
(344, 'Univit Syr', 105, 0),
(345, 'E-Con', 80, 0),
(346, 'Panther', 10, 0),
(347, 'Dhaal', 5, 0),
(348, 'Nilokon White', 35, 0),
(349, 'Satya Liquid Baln', 20, 0),
(350, 'Glycerine', 70, 0),
(351, 'Unimox 500mg', 9, 0),
(352, 'Nims', 4, 0),
(353, 'Zyte Gel', 86.2, 0),
(354, 'Synsopure Tooth Gel', 137, 0),
(355, 'Brucet Syr', 32, 0),
(356, 'Niko tab', 1, 0),
(357, 'Decold tab', 3, 0),
(358, 'Ometil cap', 6.56, 0),
(359, 'Pantop 40mg', 9, 0),
(360, 'Aciloc', 1, 0),
(361, 'Kofcare Expectorant', 65, 0),
(362, 'Inmecin 25mg', 3.5, 0),
(363, 'Ifol tab', 8, 0),
(364, 'Cortilon 10mg', 2.5, 0),
(365, 'Rhinex tab', 4, 0),
(366, 'Ferofolic Cap', 3, 0),
(367, 'Septidine 100ml gargle', 110, 0),
(368, 'N. Pin Eye drop', 24, 0),
(369, 'G. Mycin Eye drop', 15, 0),
(370, 'Cortilon 40mg', 9, 0),
(371, 'Cortilon 5mg', 1.5, 0),
(372, 'Cortilon 20mg', 5, 0),
(373, 'Niko Syr', 30, 0),
(379, 'Face Wash', 90, 0),
(380, 'a', 0, 0),
(381, 'b', 0, 0),
(382, 'zsdf', 3, 0),
(383, 'asd', 2, 0),
(384, 'dfse', 45, 0),
(385, 'kes kanti', 50, 0),
(386, 'avipatikar churna ', 56, 0),
(387, 'saundarya face wash', 96, 0),
(388, 'ashwagandha churna', 64, 0),
(389, 'divya gashar churna', 64, 0),
(390, 'divya stri rasayan', 128, 0),
(391, 'chitrakadi bati', 64, 0),
(392, 'divya churna', 80, 0),
(393, 'chandraprabha vati', 168, 0),
(394, 'divya vrikkdoshhar vati', 80, 0),
(395, 'dabur madhuvaani', 104, 0),
(396, 'jatyadi ghrit', 125, 0),
(397, 'laxmi vilas ras', 96, 0),
(398, 'saptavishanti gugglu', 40, 0),
(399, 'divya peya', 56, 0),
(400, 'totla kwath', 16, 0),
(401, 'mulethi kwath', 16, 0),
(402, 'trikatu churna', 40, 0),
(403, 'praval pisti patanjali', 64, 0),
(404, 'shankha bhasma patanjali', 8, 0),
(405, 'kamdudha ras patanjali', 48, 0),
(406, 'rajat bhasma', 288, 0),
(407, 'divya swasari ras', 24, 0),
(408, 'sphatik bhasma', 13, 0),
(409, 'dashmularistha', 145, 0),
(410, 'asokarista', 161, 0),
(411, 'buransh sherbet', 136, 0),
(412, 'dabur lal tail', 200, 0),
(413, 'janma ghunti', 72, 0),
(414, 'abhayarishta baidyanath', 138, 0),
(415, 'ashwagandharishta baidyanath', 174, 0),
(416, 'kankasava baidyanath', 136, 0),
(417, 'neeri', 237, 0),
(418, 'livex', 112, 0),
(419, 'whoopin cough syrup small', 88, 0),
(420, 'kumari asava baidyanath', 142.4, 0),
(421, 'kutjarishta baidyanath', 144, 0),
(422, 'sandu pathyadi kadha', 179.2, 0),
(423, 'sandu bhunimbadi kadha ', 139.2, 0),
(424, 'chyavanaprasha for child', 300, 0),
(425, 'chyavanaprasha for all', 180, 0),
(426, 'laksha churna', 80, 0),
(427, 'arogya mrigamadasab', 70, 0),
(428, 'karpur malis', 75, 0),
(429, 'khadirarishta baidyanath', 142.4, 0),
(430, 'sarak churna', 67.2, 0),
(431, 'amree plus granules (aimil)', 562, 0),
(432, 'sandu epherin', 139.2, 0),
(433, 'sandu yograja gugglu', 74, 0),
(434, 'ojash mint tulsi', 40, 0),
(435, 'ojash multani mitti', 56, 0),
(436, 'ojas aquafresh', 36, 0),
(437, 'soap somya', 21, 0),
(438, 'soap kanti neem', 21, 0),
(439, 'soap kanti pancha', 21, 0),
(440, 'ojash morga soap', 40, 0),
(441, 'ujwal d. powder large', 95, 0),
(442, 'ujwal d. powde small', 48, 0),
(443, 'keshkanti milk sampo', 152, 0),
(444, 'keshkanti anti dandruf sampo', 176, 0),
(445, 'populae detergent large', 64, 0),
(446, 'popular detergent small', 32, 0),
(447, 'kanti soap alovera', 21, 0),
(448, 'patanjali herbal mehandi', 56, 0),
(449, 'himalaya septilin', 160, 0),
(450, 'haritaki churna', 29, 0),
(451, 'divya vatari churna', 88, 0),
(452, 'himalaya menosan', 144, 0),
(453, 'amala churna', 32, 0),
(454, 'rohitkyadi chakki', 128, 0),
(455, 'drakchyadi churna', 115, 0),
(456, 'chandraprabha bati baidy.', 221, 0),
(457, 'shitaras', 78, 0),
(458, 'laxmivilas(naradeeya)', 85, 0),
(459, 'arogya kasturadi chakki', 100, 0),
(460, 'laxadi gugglu', 40, 0),
(461, 'khadiradi  vati patanjali', 50, 0),
(462, 'divya kayakalp vati', 112, 0),
(463, 'dabur sitopaladi churna', 128, 0),
(464, 'shankha pushpi', 116, 0),
(465, 'sundari kalp', 456, 0),
(466, 'surakta', 118.4, 0),
(467, 'piles nivarak churna', 180, 0),
(468, 'amypure', 339.2, 0),
(469, 'divya medohar vati', 128, 0),
(470, 'rozlo powder', 117, 0),
(471, 'amyron capsule', 53, 0),
(472, 'amycure D.S', 95, 0),
(473, 'semento tablets', 310.4, 0),
(474, 'lukure tablets', 186, 0),
(475, 'amalapitta nashak churna', 150, 0),
(476, 'abhayasan tab', 32, 0),
(477, 'menocramp tablet', 104, 0),
(478, 'abhayasan tablet', 32, 0),
(479, 'mahanarayan yail', 200, 0),
(480, 'mahavishgarbh tail', 182.4, 0),
(481, 'nutrich oil', 160, 0),
(482, 'kshar tail', 112, 0),
(483, 'mahamash tail', 245, 0),
(484, 'kashisadi tail', 138, 0),
(485, 'erand tail', 74, 0),
(486, 'srigopal tail', 146, 0),
(487, 'jatyadi tail', 141, 0),
(488, 'guduchyadi tail', 98, 0),
(489, 'nirgundi oil', 100, 0),
(490, 'mahamarichyadi tail', 119, 0),
(491, 'mahalakshadi tail', 123.2, 0),
(492, 'shalbindu tail', 142.4, 0),
(493, 'shadbindu tail', 143, 0),
(494, 'prawal bhasma', 455, 0),
(495, 'gandhak rasayan', 107.2, 0),
(496, 'arshakuthar ras', 90, 0),
(497, 'shwas kuthar ras', 98, 0),
(498, 'ras sindoor', 91.2, 0),
(499, 'ras manikya', 120, 0),
(500, 'kamdudha ras', 132, 0),
(501, 'bolbaddha ras', 106, 0),
(502, 'prawal pisti', 348, 0),
(503, 'aroyga vardhini bati', 92, 0),
(504, 'shankha bhasma', 92, 0),
(505, 'vat gajankush ras', 106, 0),
(506, 'malla sindoor', 144, 0),
(507, 'bol parpati', 124, 0),
(508, 'manmath ras', 159, 0),
(509, 'nityanand ras', 92, 0),
(510, 'arshoghani bati ', 168, 0),
(511, 'makardhwaj bati', 167, 0),
(512, 'baidyanath balm', 39, 0),
(513, 'shilajitwadi bati', 114, 0),
(514, 'vridhivadika bati', 132, 0),
(515, 'medoharbidangadi lauh', 101, 0),
(516, 'shringa rabhra ras', 112, 0),
(517, 'siddha makardhwaja special', 844, 0),
(518, 'shirah shuladi vajra ras', 112, 0),
(519, 'nityanand ras', 91.2, 0),
(520, 'nagar junabhra ras', 111, 0),
(521, 'swarna makshik bhasma', 135, 0),
(522, 'abhrak bhasma', 111, 0),
(523, 'sarivadi bati', 154, 0),
(524, 'rajah pravartani bati', 106, 0),
(525, 'gondanti bhasma', 69, 0),
(526, 'kashish bhasma', 93, 0),
(527, 'hajrul yahuda bhasma', 191, 0),
(528, 'vanga bhasma', 141, 0),
(529, 'gilloy satya', 58, 0),
(530, 'rasnadi guggulu', 159, 0),
(531, 'patharina', 55, 0),
(532, 'saptavinshati gugglu baid.', 152, 0),
(533, 'rumartho baidyanath', 184, 0),
(534, 'sarpagandha tablet', 976, 0),
(535, 'kaishore guggulu', 114, 0),
(536, 'trifala guggulu', 98, 0),
(537, 'dhatupaushtik churna', 135, 0),
(538, 'chitrak haritaki', 95, 0),
(539, 'chopchinyadi churna', 120, 0),
(540, 'haridrakhand', 102.4, 0),
(541, 'madhumehari yog granules', 291.2, 0),
(542, 'parolep powder', 93, 0),
(543, 'crack heal', 96, 0),
(544, 'sukhda cream', 71, 0),
(545, 'pilex ointment', 80, 0),
(546, 'psora ointment', 76, 0),
(547, 'patna rumartho gold', 464, 0),
(548, 'vatayani capsule', 50, 0),
(549, 'nirocil tablets', 127, 0),
(550, 'prosteez tablet', 144, 0),
(551, 'cephagraine tablets', 148, 0),
(552, 'shaktina capsule', 80, 0),
(553, 'vimfix', 500, 0),
(554, 'vita ex gold', 496, 0),
(555, 'rudanti capsule', 52, 0),
(556, 'bleecid capsule', 47, 0),
(557, 'divya mukta vati', 76, 0),
(558, 'divya madhunashini vati', 76, 0),
(559, 'neeri tablet', 165, 0),
(560, 'pinas nash nasal drop', 50, 0),
(561, 'kasturi bhusan', 70, 0),
(562, 'yavakshar(shudha)', 39, 0),
(563, 'amalki tablet', 205, 0),
(564, 'tetmosol soap', 45, 0),
(565, 'senovila tab', 136, 0),
(566, 'myostal forte tab', 138, 0),
(567, 'dermafix cream', 47, 0),
(568, 'lipan cap', 44, 0),
(569, 'allerin tab', 87, 0),
(570, 'silasit paste50g.', 250, 0),
(571, 'pachak jaljeera', 88, 0),
(572, 'pachak methi nimbu', 48, 0),
(573, 'amala juice', 200, 0),
(574, 'dant kanti ', 56, 0),
(575, 'slim tea nepali ', 650, 0),
(576, 'slim tea indian', 800, 0),
(577, 'roopamrit', 1600, 0),
(578, 'sandhi sudha', 6000, 0),
(579, 'antialcohol ', 1200, 0),
(580, 'septidine solution', 150, 0),
(581, 'femitrone tab', 10, 0),
(582, 'markuf syp.', 85, 0),
(583, 'vasodryl syp.', 90, 0),
(584, 'teztol 1 gm', 8, 0),
(585, 'teztol 500mg', 5, 0),
(586, 'emenorm tab', 4, 0),
(587, 'dolofen 50 mg', 2, 0),
(588, 'zoxafen forte', 6, 0),
(589, 'norzox tab', 5, 0),
(590, 'eye rest eyedrop', 45, 0),
(591, 'protogyl forte syp.', 50, 0),
(592, 'feza syp', 90, 0),
(593, 'zinc 20 mg', 3, 0),
(594, 'zinc 10 mg', 2, 0),
(595, 'calcium gluconate', 25, 0),
(596, 'potassium chloride', 25, 0),
(597, 'dextrose 10%', 45, 0),
(598, 'stayfree ultra', 60, 0),
(599, 'mersilk2-0', 215, 0),
(600, 'I/V canula 20/22', 95, 0),
(601, 'syringe 5 ml', 5, 0),
(602, 'syringe 10 ml', 10, 0),
(603, 'I/Vset AV', 50, 0),
(604, 'syring 20 ml', 20, 0),
(605, 'I/V set JMS', 95, 0),
(606, 'dental fluss', 90, 0),
(607, 'bandage 4''', 15, 0),
(608, 'cotton 100 mg', 15, 0),
(609, 'urine bag', 80, 0),
(610, 'surgical gloves', 55, 0),
(611, 'lax jelly', 90, 0),
(612, 'syringe 1 ml', 15, 0),
(613, 'syringe 3 ml', 5, 0),
(614, 'flexon tab', 1.5, 0),
(615, 'shelcal 500', 6.07, 0),
(616, 'azol tab', 15, 0),
(617, 'flustat', 30, 0),
(618, 'CTZ tab', 3, 0),
(619, 'ONDA 4mg', 5, 0),
(620, 'naprosyn 250 mg', 2.5, 0),
(621, 'naprosyn 500 mg', 4.7, 0),
(622, 'nasivion nasal drop', 79.05, 0),
(623, 'flexon syp.', 25, 0),
(624, 'de-cold tab', 45, 0),
(625, 'protogyl df syp. ', 55, 0),
(626, 'CTZ syp.', 30, 0),
(627, 'easy go granules', 104, 0),
(628, 'hybro tab', 5, 0),
(629, 'buscopan inj.', 19.66, 0),
(630, 'docitol syp', 45, 0),
(631, 'snyggy diaper', 220, 0),
(632, 'aristocillin', 30.75, 0),
(633, 'indo cap SR 75', 12.56, 0),
(634, 'merospaz', 1000, 0),
(635, 'sensodyne gel', 188, 0),
(636, 'Ra thermoseal 50', 62, 0),
(637, 'Ra thermoseal 100', 115, 0),
(638, 'T-Bact', 118, 0),
(639, 'buscopan tab', 47, 0),
(640, 'dulcolax tab', 270, 0),
(641, 'quintor tab', 10, 0),
(642, 'handrub big', 940, 0),
(643, 'handrub small', 200, 0),
(644, 'feeding tube', 25, 0),
(645, 'I/V canula 24G', 125, 0),
(646, 'NEEDLE', 5, 0),
(650, 'G. Mycin Eye drop', 15, 0),
(651, 'fat Control', 22, 0),
(652, 'Kamdev', 900, 0),
(657, 'shitaras', 120, 120),
(658, 'ashogandha cap f ', 40, 40),
(659, 'lax powder 100 g', 150, 150),
(660, 'kesh kanti sampoo', 104, 104),
(661, 'alovera jel', 120, 120),
(662, 'dant kanti small', 20, 20),
(663, 'tejus body ubtan', 100, 100),
(664, 'kanti lep', 100, 100),
(665, 'gulab jal', 40, 40),
(666, 'anardana goli pachak', 50, 50),
(667, 'hing peda 200gr', 90, 90),
(668, 'sugar ', 96, 96),
(669, 'agarbati jasmine', 35, 35),
(670, 'agarbati rose', 35, 35),
(671, 'agarbati white f', 35, 35),
(672, 'agarbati levende', 35, 35),
(673, 'ujwaol sabun', 25, 25),
(674, 'popular detergent sabun', 18, 18),
(675, 'amala murabba', 176, 176),
(676, 'tooth brush', 15, 15),
(677, 'alovera juice arogya', 395, 395),
(678, 'honey patanjali', 145, 145),
(679, 'badam pak', 360, 360),
(680, 'madhunashini vati', 76, 76),
(681, 'mukta vati', 76, 76),
(682, 'godhan ark', 64, 64);

--
-- Triggers `prod_dim`
--
DROP TRIGGER IF EXISTS `deleteInv`;
DELIMITER //
CREATE TRIGGER `deleteInv` AFTER DELETE ON `prod_dim`
 FOR EACH ROW begin
delete from inv_pos where PROD_WID = old.PROD_ID;
end
//
DELIMITER ;

-- --------------------------------------------------------

--
-- Table structure for table `pur_fact`
--

CREATE TABLE IF NOT EXISTS `pur_fact` (
  `PROD_WID` mediumint(9) NOT NULL,
  `PROD_QTY` float NOT NULL,
  `PUR_AMT` float NOT NULL,
  `PUR_WID` mediumint(9) NOT NULL
) ENGINE=InnoDB DEFAULT CHARSET=latin1;

--
-- Dumping data for table `pur_fact`
--

INSERT INTO `pur_fact` (`PROD_WID`, `PROD_QTY`, `PUR_AMT`, `PUR_WID`) VALUES
(259, 56, 3597, 0),
(260, 6, 399.6, 1),
(261, 6, 210.6, 1),
(262, 3, 332.25, 1),
(263, 6, 648.06, 1),
(264, 6, 675, 1),
(265, 4, 259.4, 1),
(266, 3, 642, 1),
(267, 6, 189, 1),
(268, 16, 3, 1),
(269, 10, 13793, 2),
(270, 10, 695, 3),
(271, 6, 371.4, 3),
(272, 6, 192, 3),
(273, 6, 435, 3),
(274, 10, 331.5, 3),
(275, 13, 5025.79, 4),
(276, 12, 776, 4),
(277, 12, 732.8, 4),
(278, 18, 1293, 4),
(279, 18, 1228.5, 4),
(280, 1, 116, 4),
(281, 1, 176, 4),
(282, 50, 827.5, 4),
(283, 50, 827.5, 4),
(284, 56, 2654.96, 4),
(285, 25, 519, 4),
(286, 56, 1930.88, 4),
(287, 56, 1930.88, 4),
(288, 50, 178.5, 4),
(289, 55, 537.5, 4),
(290, 12, 3644.87, 4),
(291, 50, 120.5, 4),
(292, 10, 3198.7, 4),
(293, 50, 413.5, 4),
(294, 56, 1930.88, 4),
(295, 56, 2654.96, 4),
(352, 12, 24, 5),
(353, 12, 144, 5),
(354, 12, 12, 5),
(355, 232, 696, 5),
(356, 134, 1, 5),
(350, 12, 144, 6),
(357, 13, 156, 6),
(358, 14, 168, 6),
(274, 11, 5401, 5),
(275, 5, 388, 5),
(274, 11, 5401, 6),
(275, 5, 388, 6),
(276, 10, 732.8, 6),
(277, 16, 1379.2, 6),
(278, 16, 1310.4, 6),
(296, 137, 0, 6),
(297, 144, 0, 6),
(298, 26, 0, 6),
(299, 220, 0, 6),
(300, 320, 0, 6),
(301, 98, 980, 7),
(302, 4, 400, 8),
(303, 11, 935, 8),
(304, 6, 684, 8),
(305, 6, 510, 8),
(306, 3, 600, 8),
(305, 3, 573, 9),
(307, 3, 435, 9),
(308, 3, 435, 9),
(304, 70, 280, 9),
(309, 240, 720, 9),
(310, 25, 4025, 9),
(311, 9, 414, 9),
(312, 6, 618, 9),
(313, 7, 546, 9),
(314, 5, 905, 9),
(315, 4, 512, 9),
(314, 5, 600, 10),
(316, 1080, 2160, 10),
(317, 5, 552.5, 10),
(318, 113, 27120, 10),
(269, 10, 806.5, 10),
(270, 5, 335, 10),
(271, 6, 210.9, 10),
(272, 6, 510, 10),
(273, 10, 385, 10),
(319, 10, 1150, 10),
(320, 200, 1000, 10),
(321, 250, 1250, 10),
(322, 500, 530, 11),
(323, 5, 380, 11),
(324, 6, 348, 11),
(325, 6, 393, 11),
(326, 6, 249, 11),
(327, 6, 256.8, 11),
(328, 60, 1872, 11),
(329, 11, 368.5, 11),
(330, 12, 607.8, 11),
(325, 5, 200, 12),
(326, 6, 201, 12),
(331, 33, 528, 12),
(332, 20, 120, 12),
(333, 26, 390, 12),
(334, 24, 340.8, 12),
(335, 26, 1664, 12),
(336, 17, 680, 12),
(337, 51, 459, 12),
(338, 6, 150, 12),
(339, 5, 844, 12),
(338, 4, 338, 13),
(284, 23, 851, 13),
(285, 39, 1755, 13),
(286, 54, 2430, 13),
(340, 50, 207.5, 13),
(288, 46, 575, 13),
(290, 50, 14000, 13),
(291, 4, 1484, 13),
(341, 50, 480, 13),
(293, 56, 2520, 13),
(294, 56, 2520, 13),
(342, 4, 860, 13),
(343, 2, 940, 13),
(342, 3, 1500, 14),
(344, 11, 495, 14),
(345, 10, 1050, 14),
(346, 20, 1600, 14),
(347, 20, 200, 14),
(348, 16, 80, 14),
(349, 24, 840, 14),
(350, 27, 540, 14),
(351, 11, 770, 14),
(352, 145, 1305, 14),
(353, 820, 3280, 14),
(354, 6, 517.2, 14),
(355, 10, 1370, 15),
(351, 16, 880, 15),
(356, 20, 640, 15),
(357, 1200, 1200, 15),
(358, 570, 1710, 15),
(359, 660, 4329.6, 15),
(360, 240, 2160, 15),
(361, 750, 750, 15),
(362, 13, 845, 16),
(363, 132, 462, 16),
(364, 70, 560, 16),
(331, 11, 264, 16),
(330, 10, 150, 16),
(365, 200, 500, 16),
(364, 100, 900, 17),
(364, 200, 300, 17),
(364, 200, 1000, 17),
(356, 29, 870, 17),
(366, 194, 776, 17),
(367, 360, 1080, 17),
(368, 4, 440, 17),
(369, 11, 264, 18),
(370, 10, 150, 18),
(371, 100, 900, 18),
(372, 200, 300, 18),
(373, 200, 1000, 18),
(374, 29, 870, 18),
(388, 24, 2304, 19),
(389, 25, 1600, 19),
(390, 19, 1216, 19),
(391, 20, 2560, 19),
(392, 19, 1216, 19),
(393, 19, 1520, 19),
(394, 20, 3360, 19),
(395, 10, 800, 19),
(396, 3, 312, 19),
(397, 1, 125, 19),
(398, 5, 480, 20),
(399, 24, 960, 20),
(400, 2, 112, 20),
(401, 10, 160, 20),
(402, 8, 128, 20),
(403, 10, 400, 20),
(404, 91, 5824, 20),
(405, 95, 760, 20),
(406, 63, 3024, 20),
(407, 10, 2880, 20),
(408, 20, 480, 20),
(409, 10, 130, 20),
(410, 20, 2900, 21),
(411, 14, 2254, 21),
(412, 2, 272, 21),
(413, 3, 600, 21),
(414, 5, 360, 21),
(415, 9, 1242, 21),
(416, 20, 3480, 21),
(417, 12, 1632, 21),
(418, 6, 1422, 21),
(419, 12, 1344, 21),
(420, 3, 264, 21),
(419, 6, 900, 22),
(421, 8, 1139.2, 22),
(422, 8, 1152, 22),
(423, 4, 716.8, 22),
(425, 3, 900, 22),
(426, 3, 540, 22),
(427, 4, 320, 22),
(428, 9, 630, 22),
(429, 10, 750, 22),
(430, 8, 1139.2, 22),
(431, 5, 336, 22),
(432, 4, 2248, 22),
(433, 8, 1113.6, 22),
(434, 10, 740, 22),
(435, 16, 640, 23),
(436, 4, 224, 23),
(437, 5, 180, 23),
(438, 12, 252, 23),
(439, 9, 189, 23),
(440, 22, 462, 23),
(441, 13, 520, 23),
(442, 7, 665, 23),
(443, 13, 624, 23),
(444, 5, 760, 23),
(443, 5, 680, 24),
(445, 6, 1056, 24),
(446, 10, 640, 24),
(447, 8, 256, 24),
(448, 17, 357, 24),
(449, 3, 168, 24),
(450, 5, 800, 24),
(451, 14, 406, 24),
(452, 10, 880, 24),
(453, 2, 288, 24),
(454, 9, 288, 25),
(455, 10, 1280, 25),
(456, 12, 1380, 25),
(457, 6, 1326, 25),
(458, 6, 468, 25),
(459, 2, 170, 25),
(460, 9, 900, 25),
(461, 9, 360, 25),
(462, 2, 100, 25),
(463, 1, 112, 25),
(464, 10, 1280, 25),
(465, 6, 696, 25),
(466, 4, 1824, 25),
(467, 3, 355.2, 25),
(468, 3, 540, 25),
(469, 5, 1696, 25),
(470, 8, 1024, 25),
(471, 14, 1638, 26),
(472, 9, 477, 26),
(473, 36, 3420, 26),
(474, 9, 2793.6, 26),
(475, 9, 1674, 26),
(476, 4, 600, 26),
(477, 12, 384, 26),
(478, 12, 1248, 26),
(479, 12, 384, 26),
(480, 5, 1000, 26),
(481, 6, 1094.4, 26),
(482, 11, 1760, 26),
(483, 4, 448, 26),
(484, 6, 1470, 26),
(485, 11, 1518, 27),
(486, 6, 444, 27),
(487, 7, 1022, 27),
(488, 4, 564, 27),
(489, 6, 588, 27),
(490, 3, 300, 27),
(491, 6, 714, 27),
(492, 4, 492.8, 27),
(493, 6, 854.4, 27),
(494, 6, 858, 27),
(495, 23, 10465, 27),
(496, 17, 1822.4, 27),
(497, 20, 1800, 27),
(498, 12, 1176, 27),
(499, 17, 1550.4, 28),
(500, 10, 1200, 28),
(501, 11, 1452, 28),
(502, 15, 1590, 28),
(503, 2, 696, 28),
(504, 7, 644, 28),
(505, 5, 460, 28),
(506, 5, 530, 28),
(507, 17, 2448, 28),
(508, 4, 496, 28),
(509, 4, 636, 28),
(510, 2, 184, 28),
(511, 10, 1680, 29),
(512, 6, 1002, 29),
(513, 10, 390, 29),
(514, 11, 1254, 29),
(515, 17, 2244, 29),
(516, 6, 606, 29),
(517, 7, 784, 29),
(518, 4, 3376, 29),
(519, 5, 560, 29),
(520, 4, 364.8, 29),
(521, 4, 444, 29),
(522, 12, 1620, 29),
(523, 6, 666, 30),
(524, 12, 1848, 30),
(525, 12, 1272, 30),
(526, 8, 552, 30),
(527, 4, 372, 30),
(528, 6, 1146, 30),
(529, 5, 705, 30),
(530, 12, 696, 30),
(531, 6, 954, 30),
(532, 12, 660, 30),
(533, 10, 1520, 30),
(534, 10, 1840, 30),
(535, 5, 4880, 30),
(536, 5, 570, 31),
(537, 13, 1274, 31),
(538, 5, 675, 31),
(539, 6, 570, 31),
(540, 5, 600, 31),
(541, 6, 614.4, 31),
(542, 6, 1747.2, 31),
(543, 9, 837, 31),
(544, 10, 960, 31),
(545, 11, 781, 31),
(546, 5, 400, 31),
(547, 11, 836, 31),
(548, 3, 1392, 32),
(549, 10, 500, 32),
(550, 12, 1524, 32),
(551, 18, 2592, 32),
(552, 2, 296, 32),
(553, 10, 800, 32),
(554, 5, 2500, 32),
(555, 4, 1984, 32),
(556, 10, 520, 32),
(557, 16, 752, 32),
(558, 21, 1596, 32),
(559, 4, 304, 32),
(560, 9, 1485, 32),
(561, 8, 400, 33),
(562, 7, 490, 33),
(563, 1, 39, 33),
(564, 8, 1640, 33),
(565, 1, 45, 33),
(566, 12, 1632, 33),
(567, 12, 1656, 33),
(568, 12, 564, 33),
(569, 20, 880, 33),
(570, 12, 1044, 33),
(571, 3, 750, 33),
(572, 19, 1672, 33),
(573, 15, 720, 34),
(574, 14, 2800, 34),
(575, 46, 2576, 34),
(576, 1, 650, 34),
(577, 1, 800, 34),
(578, 2, 3200, 34),
(579, 1, 6000, 34),
(580, 2, 2400, 34),
(581, 6, 900, 35),
(582, 480, 4800, 35),
(583, 8, 680, 35),
(584, 11, 990, 35),
(585, 120, 960, 35),
(586, 186, 930, 35),
(587, 216, 864, 35),
(588, 120, 240, 35),
(589, 120, 720, 35),
(590, 60, 300, 35),
(591, 12, 540, 36),
(592, 12, 600, 36),
(593, 11, 990, 36),
(594, 250, 750, 36),
(595, 250, 500, 36),
(596, 31, 775, 36),
(597, 49, 1225, 36),
(598, 45, 2025, 36),
(599, 11, 660, 36),
(600, 5, 1075, 36),
(601, 18, 1710, 37),
(602, 60, 300, 37),
(603, 33, 330, 37),
(604, 10, 500, 37),
(605, 50, 1000, 37),
(606, 34, 3230, 37),
(607, 9, 810, 37),
(608, 24, 360, 37),
(609, 12, 180, 37),
(610, 20, 1600, 37),
(611, 18, 990, 37),
(612, 10, 900, 39),
(613, 68, 1020, 39),
(614, 74, 370, 39),
(615, 600, 900, 39),
(616, 105, 637.35, 39),
(617, 24, 360, 39),
(618, 12, 360, 39),
(619, 330, 990, 39),
(620, 120, 600, 39),
(621, 300, 750, 39),
(622, 150, 705, 39),
(623, 12, 948.6, 40),
(624, 20, 500, 40),
(625, 13, 585, 40),
(626, 15, 825, 40),
(627, 11, 330, 40),
(628, 10, 1040, 40),
(629, 200, 1000, 40),
(630, 50, 983, 40),
(631, 12, 540, 40),
(632, 4, 880, 40),
(633, 26, 799.5, 41),
(634, 110, 1381.6, 41),
(635, 10, 10000, 41),
(636, 5, 940, 41),
(637, 3, 186, 41),
(638, 3, 345, 41),
(639, 6, 708, 41),
(640, 200, 9400, 41),
(641, 200, 54000, 41),
(642, 560, 5600, 41),
(643, 1, 940, 43),
(644, 1, 200, 43),
(645, 7, 175, 43),
(646, 14, 1750, 43),
(647, 80, 400, 43),
(659, 12, 413.88, 44),
(660, 12, 1241.4, 44),
(659, 12, 120, 45),
(659, 10, 150, 46),
(661, 30, 3120, 47),
(662, 30, 3600, 47),
(663, 36, 576, 47),
(664, 6, 576, 47),
(665, 6, 576, 47),
(666, 6, 240, 47),
(667, 24, 1152, 47),
(668, 2, 176, 47),
(669, 5, 480, 47),
(670, 2, 64, 47),
(671, 2, 64, 47),
(672, 2, 64, 47),
(673, 2, 64, 47),
(674, 24, 576, 47),
(675, 24, 384, 47),
(676, 6, 1056, 48),
(677, 24, 312, 48),
(678, 6, 2370, 48),
(679, 20, 2880, 48),
(680, 12, 4320, 48),
(681, 24, 1824, 48),
(682, 24, 1824, 48),
(683, 3, 192, 48);

-- --------------------------------------------------------

--
-- Table structure for table `pur_tranx_dtl`
--

CREATE TABLE IF NOT EXISTS `pur_tranx_dtl` (
  `PUR_ID` mediumint(9) NOT NULL,
  `SUP_NAME` varchar(30) NOT NULL,
  `SUP_LOC` varchar(30) NOT NULL,
  `DATE` date NOT NULL,
  `PUR_AMT` int(11) NOT NULL DEFAULT '0',
  `SSN_ID` bigint(20) NOT NULL DEFAULT '0',
  PRIMARY KEY (`PUR_ID`)
) ENGINE=InnoDB DEFAULT CHARSET=latin1;

--
-- Dumping data for table `pur_tranx_dtl`
--

INSERT INTO `pur_tranx_dtl` (`PUR_ID`, `SUP_NAME`, `SUP_LOC`, `DATE`, `PUR_AMT`, `SSN_ID`) VALUES
(0, 'Shrestha Medicine House', 'Chhetrapati Kathmandu', '2013-01-03', 3597, 2),
(1, 'Shreem Impex', 'Chettrapati Kathmandu', '2013-01-03', 3971, 2),
(2, 'DKM Pharmacuticals PVT LTD', 'Kuleshowr Naya Basti', '2013-01-10', 13535, 3),
(3, 'Saphal Pharma', 'Chhetrapati Ktm', '2013-01-10', 2025, 3),
(4, 'Gautam Medicine Supplier', 'Chhetrapati Kathmandu', '2013-01-10', 20878, 3),
(5, '', '', '2013-03-31', 5789, 23),
(6, '', '', '2013-03-31', 15000, 23),
(7, '', '', '2013-03-31', 980, 24),
(8, '', '', '2013-03-31', 3129, 24),
(9, '', '', '2013-03-31', 12592, 24),
(10, '', '', '2013-03-31', 36080, 24),
(11, '', '', '2013-03-31', 5005, 24),
(12, '', '', '2013-03-31', 10582, 24),
(13, '', '', '2013-03-31', 39542, 24),
(14, '', '', '2013-03-31', 51720, 24),
(15, '', '', '2013-03-31', 64759, 24),
(16, '', '', '2013-03-31', 67540, 24),
(17, '', '', '2013-03-31', 72906, 24),
(18, '', '', '2013-03-31', 76390, 24),
(19, '', '', '2013-04-02', 28142, 31),
(20, '', '', '2013-04-04', 15338, 32),
(21, '', '', '2013-04-04', 31108, 32),
(22, '', '', '2013-04-04', 50563, 32),
(23, '', '', '2013-04-04', 55079, 32),
(24, '', '', '2013-04-04', 60610, 32),
(25, '', '', '2013-04-04', 74409, 32),
(26, '', '', '2013-04-04', 92800, 32),
(27, '', '', '2013-04-04', 115418, 32),
(28, '', '', '2013-04-04', 127305, 32),
(29, '', '', '2013-04-04', 141630, 32),
(30, '', '', '2013-04-04', 158741, 32),
(31, '', '', '2013-04-04', 168605, 32),
(32, '', '', '2013-04-04', 184850, 32),
(33, '', '', '2013-04-04', 195662, 32),
(34, '', '', '2013-04-04', 214808, 32),
(35, '', '', '2013-04-05', 11384, 33),
(36, '', '', '2013-04-05', 20524, 33),
(37, '', '', '2013-04-05', 31534, 33),
(38, '', '', '2013-04-05', 31534, 33),
(39, '', '', '2013-04-05', 39126, 33),
(40, '', '', '2013-04-05', 46758, 33),
(41, '', '', '2013-04-05', 130118, 33),
(42, '', '', '2013-04-05', 130118, 33),
(43, '', '', '2013-04-05', 133583, 33),
(44, 'srijan ayurved pharma', 'kalankisthan ktm', '2069-12-30', 13819, 38),
(45, '', 'kalankisthan ktm', '2069-12-30', 15061, 38),
(46, '', 'kalankisthan ktm', '2069-12-30', 16354, 38),
(47, '', 'bharatpur', '2070-01-04', 11712, 40),
(48, '', 'bharatpur', '2070-01-04', 26490, 40);

--
-- Triggers `pur_tranx_dtl`
--
DROP TRIGGER IF EXISTS `DeletePurchaseDtl`;
DELIMITER //
CREATE TRIGGER `DeletePurchaseDtl` AFTER DELETE ON `pur_tranx_dtl`
 FOR EACH ROW BEGIN  

DELETE FROM pur_fact WHERE PUR_WID = old.PUR_ID; 

END
//
DELIMITER ;

-- --------------------------------------------------------

--
-- Stand-in structure for view `sales_details`
--
CREATE TABLE IF NOT EXISTS `sales_details` (
`DATE` varchar(10)
,`BILL NO` mediumint(9)
,`SALES MAN` varchar(20)
,`PRODUCT NAME` varchar(40)
,`QUANTITY` float
,`RATE` double
,`AMOUNT` float
);
-- --------------------------------------------------------

--
-- Table structure for table `sales_fact`
--

CREATE TABLE IF NOT EXISTS `sales_fact` (
  `PROD_WID` bigint(20) NOT NULL,
  `SLS_QTY` float NOT NULL,
  `SLS_AMT` float NOT NULL,
  `SALES_WID` bigint(20) NOT NULL
) ENGINE=InnoDB DEFAULT CHARSET=latin1;

-- --------------------------------------------------------

--
-- Table structure for table `sales_tranx_dtl`
--

CREATE TABLE IF NOT EXISTS `sales_tranx_dtl` (
  `SALES_ID` mediumint(9) NOT NULL,
  `CUST_NAME` varchar(30) NOT NULL DEFAULT 'UKN',
  `CUST_LOC` varchar(30) NOT NULL DEFAULT 'UKN',
  `SLS_AMT` float NOT NULL DEFAULT '0',
  `DISC_AMT` float NOT NULL DEFAULT '0',
  `DATE` varchar(10) NOT NULL,
  `SSN_ID` bigint(20) NOT NULL,
  `TIME_STMP` varchar(8) NOT NULL,
  PRIMARY KEY (`SALES_ID`)
) ENGINE=InnoDB DEFAULT CHARSET=latin1;

--
-- Dumping data for table `sales_tranx_dtl`
--

INSERT INTO `sales_tranx_dtl` (`SALES_ID`, `CUST_NAME`, `CUST_LOC`, `SLS_AMT`, `DISC_AMT`, `DATE`, `SSN_ID`, `TIME_STMP`) VALUES
(0, '', '', 0, 0, '2013', 5, '08:57:38');

--
-- Triggers `sales_tranx_dtl`
--
DROP TRIGGER IF EXISTS `DeleteSales`;
DELIMITER //
CREATE TRIGGER `DeleteSales` AFTER DELETE ON `sales_tranx_dtl`
 FOR EACH ROW BEGIN 
DELETE FROM sales_fact WHERE SALES_WID = old.SALES_ID;
END
//
DELIMITER ;

-- --------------------------------------------------------

--
-- Table structure for table `sls_fact_pck`
--

CREATE TABLE IF NOT EXISTS `sls_fact_pck` (
  `PCK_WID` mediumint(9) NOT NULL,
  `SLS_WID` int(11) NOT NULL,
  `PCK_QTY` int(11) NOT NULL,
  `SLS_AMT` float NOT NULL,
  KEY `PCK_WID` (`PCK_WID`,`SLS_WID`)
) ENGINE=InnoDB DEFAULT CHARSET=latin1;

-- --------------------------------------------------------

--
-- Table structure for table `usr_dtl`
--

CREATE TABLE IF NOT EXISTS `usr_dtl` (
  `USR_ID` int(11) NOT NULL,
  `FMLY_NM` varchar(20) NOT NULL,
  `USR_NM` varchar(20) NOT NULL,
  `USR_PWD` varchar(50) NOT NULL,
  PRIMARY KEY (`USR_ID`)
) ENGINE=InnoDB DEFAULT CHARSET=latin1;

--
-- Dumping data for table `usr_dtl`
--

INSERT INTO `usr_dtl` (`USR_ID`, `FMLY_NM`, `USR_NM`, `USR_PWD`) VALUES
(1, 'Rajeev Ghimire', 'iomrajeev', '73b625e13902790d4e66287312fdd72e'),
(2, 'Rabindra Kharel', 'rabin', 'd41d8cd98f00b204e9800998ecf8427e'),
(3, 'Sita Ghimire', 'sita', '803205ab3f1b9b6fa6990393f5ac6b58'),
(4, 'Lokman Shrestha', 'lokman', 'bc4a5079151639df1ba39549ffeaf9a8');

-- --------------------------------------------------------

--
-- Table structure for table `usr_log`
--

CREATE TABLE IF NOT EXISTS `usr_log` (
  `SSN_ID` bigint(20) NOT NULL AUTO_INCREMENT,
  `USR_WID` smallint(6) NOT NULL,
  `YR` year(4) NOT NULL,
  `MNTH` smallint(6) NOT NULL,
  `DT` varchar(35) NOT NULL,
  `DY_NM` int(11) NOT NULL,
  `CHK_IN_TM` timestamp NOT NULL DEFAULT CURRENT_TIMESTAMP,
  `CHK_OUT_TM` varchar(35) NOT NULL,
  PRIMARY KEY (`SSN_ID`),
  KEY `USR_WID` (`USR_WID`)
) ENGINE=InnoDB  DEFAULT CHARSET=latin1 AUTO_INCREMENT=75 ;

--
-- Dumping data for table `usr_log`
--

INSERT INTO `usr_log` (`SSN_ID`, `USR_WID`, `YR`, `MNTH`, `DT`, `DY_NM`, `CHK_IN_TM`, `CHK_OUT_TM`) VALUES
(1, 101, 2013, 1, '10', 0, '2013-01-10 15:56:25', 'Thu Jan 10 21:41:37 NPT 2013');

-- --------------------------------------------------------

--
-- Structure for view `sales_details`
--
DROP TABLE IF EXISTS `sales_details`;

CREATE ALGORITHM=UNDEFINED DEFINER=`root`@`localhost` SQL SECURITY DEFINER VIEW `sales_details` AS select `sales_tranx_dtl`.`DATE` AS `DATE`,`sales_tranx_dtl`.`SALES_ID` AS `BILL NO`,`usr_dtl`.`FMLY_NM` AS `SALES MAN`,`prod_dim`.`PROD_NAME` AS `PRODUCT NAME`,`sales_fact`.`SLS_QTY` AS `QUANTITY`,(`sales_fact`.`SLS_AMT` / `sales_fact`.`SLS_QTY`) AS `RATE`,`sales_fact`.`SLS_AMT` AS `AMOUNT` from ((((`sales_fact` join `prod_dim` on((`sales_fact`.`PROD_WID` = `prod_dim`.`PROD_ID`))) join `sales_tranx_dtl` on((`sales_fact`.`SALES_WID` = `sales_tranx_dtl`.`SALES_ID`))) join `usr_log` on((`sales_tranx_dtl`.`SSN_ID` = `usr_log`.`SSN_ID`))) join `usr_dtl` on((`usr_log`.`USR_WID` = `usr_dtl`.`USR_ID`))) where 1 order by 'BILL_NO';

/*!40101 SET CHARACTER_SET_CLIENT=@OLD_CHARACTER_SET_CLIENT */;
/*!40101 SET CHARACTER_SET_RESULTS=@OLD_CHARACTER_SET_RESULTS */;
/*!40101 SET COLLATION_CONNECTION=@OLD_COLLATION_CONNECTION */;
